trait,trunk,series,model,0,1,2,3,4,5,6,Mean
Evil,A: II drivers,$\Delta P_0$,$M_0$ fit on $\Delta b$,10.926304658860513,11.10451114073438,10.332480534337742,39.07115059693187,15.132241949921534,25.290577506699485,20.864846173088505,18.96030179436772
Evil,A: II drivers,$\Delta P_0$,Refit at $t$,4.408726595163901,7.309629037392089,4.732374388265923,13.983595118885795,13.809077350445378,14.052586575248704,14.219946961243307,10.359419432377871
Evil,A: II drivers,"$\Delta P_t^{0\leftarrow 0,[0]}$",$M_0$ fit on $\Delta b$,10.926304658860513,12.66131384334689,10.222111408051658,42.04353499078192,18.602642121152634,26.984994806571546,23.56982209426564,20.715817703290117
Evil,A: II drivers,"$\Delta P_t^{0\leftarrow 0,[0]}$",Refit at $t$,4.408726595163901,9.04707641494836,5.450569195941014,16.527332829931947,16.939259085803617,16.86056792308231,17.818950437713482,12.43606892608352
Evil,A: II drivers,"$\Delta P_t^{t\leftarrow 0,[0]}$",$M_0$ fit on $\Delta b$,10.926304658860513,13.018622735814985,10.182477509869056,45.100974756490686,19.77537104080226,29.75223940531253,25.949818473784962,22.100829797276425
Evil,A: II drivers,"$\Delta P_t^{t\leftarrow 0,[0]}$",Refit at $t$,4.408726595163901,10.170888388981538,6.19053092591996,17.0635924837183,17.31151837785837,17.431237711620803,18.239363473938553,12.973693993885918
Evil,A: II drivers,"$\Delta P_t^{t\leftarrow t,[0]}$",$M_0$ fit on $\Delta b$,10.810570103003153,14.145883202445846,12.130325876582598,39.62033575664643,20.6290256683479,25.64437814299013,23.688969054290155,20.952783972043743
Evil,A: II drivers,"$\Delta P_t^{t\leftarrow t,[0]}$",Refit at $t$,4.33488324325916,11.454865828666344,8.36098483061731,18.62514433706443,19.265435217317478,19.012751193917463,20.062671038629066,14.44524795563875
Evil,A: II drivers,"$\Delta P_t^{0\leftarrow 0,[t]}$",$M_0$ fit on $\Delta b$,10.926304658860513,26.913688937159403,11.783126839676823,19.138821478910767,19.67761343728208,17.184544650186833,16.150314585978805,17.396344941150748
Evil,A: II drivers,"$\Delta P_t^{0\leftarrow 0,[t]}$",Refit at $t$,4.408726595163901,9.237637921862708,7.547215563638623,15.682166586330885,13.282569678118518,12.109762317974926,11.377214747217792,10.520756201472478
Evil,A: II drivers,"$\Delta P_t^{t\leftarrow 0,[t]}$",$M_0$ fit on $\Delta b$,10.926304658860513,27.81979614930902,11.529568588410672,17.562402887391645,19.008164614261002,17.029225511292108,15.163472682660885,17.00556215602655
Evil,A: II drivers,"$\Delta P_t^{t\leftarrow 0,[t]}$",Refit at $t$,4.408726595163901,9.497095925163258,7.830570509361578,15.237100756302542,12.715816948744754,11.470116113317319,10.289045180108017,10.206924575451623
Evil,A: II drivers,"$\Delta P_t^{t\leftarrow t,[t]}$",$M_0$ fit on $\Delta b$,10.810570103003153,28.444047753707675,11.746797322250078,18.07980969069587,20.724530087284485,17.543350050114682,17.07883742535976,17.77542034748796
Evil,A: II drivers,"$\Delta P_t^{t\leftarrow t,[t]}$",Refit at $t$,4.33488324325916,9.794458542204683,8.581405020617145,16.18690560843212,12.834070142335216,13.722455060629322,12.67366679835097,11.16112063083266
Evil,B: I drivers,$\Delta P_0$,$M_0$ fit on $\Delta b$,10.926304658860513,26.268854766607078,21.843455332626807,10.622296990658748,14.475869119459329,13.11598845956908,9.014787157427358,15.181079497886989
Evil,B: I drivers,$\Delta P_0$,Refit at $t$,4.408726595163901,11.372853951036625,9.72677690558025,8.355792923996045,7.340632941044591,7.822416052243927,2.949851990019338,7.4252930512978095
Evil,B: I drivers,"$\Delta P_t^{0\leftarrow 0,[0]}$",$M_0$ fit on $\Delta b$,10.926304658860513,31.447114794083255,24.5987529447202,12.619659519432215,17.54100883717308,16.295446544739068,10.570513186659246,17.71411435509537
Evil,B: I drivers,"$\Delta P_t^{0\leftarrow 0,[0]}$",Refit at $t$,4.408726595163901,13.773315607482827,12.602258495851263,10.236008099431617,10.65705347109227,11.715143661007193,4.511885845974934,9.700627396572001
Evil,B: I drivers,"$\Delta P_t^{t\leftarrow 0,[0]}$",$M_0$ fit on $\Delta b$,10.926304658860513,31.161674971707,24.67478882983014,12.53225526703039,18.28363416366486,17.371238234517968,9.176487445583051,17.732340510170562
Evil,B: I drivers,"$\Delta P_t^{t\leftarrow 0,[0]}$",Refit at $t$,4.408726595163901,14.27407745792123,13.046571575416824,10.476311267375355,11.067379516807959,11.958396099110557,4.651185009082556,9.983235360125482
Evil,B: I drivers,"$\Delta P_t^{t\leftarrow t,[0]}$",$M_0$ fit on $\Delta b$,10.810570103003153,22.509321456401565,20.319592657298713,19.387342965242357,16.154357204720487,16.04386515705646,15.439354527028938,17.23777201010738
Evil,B: I drivers,"$\Delta P_t^{t\leftarrow t,[0]}$",Refit at $t$,4.33488324325916,17.761982534620497,15.292004940145548,13.412614431403533,13.990883356258008,14.306346973631587,7.896326566798599,12.427863149445276
Evil,B: I drivers,"$\Delta P_t^{0\leftarrow 0,[t]}$",$M_0$ fit on $\Delta b$,10.926304658860513,17.29017330200264,14.420561641735544,16.087991722931072,16.164212144676995,16.682386946608414,13.817103188959845,15.055533372253576
Evil,B: I drivers,"$\Delta P_t^{0\leftarrow 0,[t]}$",Refit at $t$,4.408726595163901,14.629485033663054,7.982197045142613,10.464451718549011,11.93249592306261,12.381956647707524,7.541408353836458,9.905817331017882
Evil,B: I drivers,"$\Delta P_t^{t\leftarrow 0,[t]}$",$M_0$ fit on $\Delta b$,10.926304658860513,17.070215285863164,13.733602566353422,15.819781114009757,15.922125067915767,16.41485939681614,12.84649650073415,14.676197798650417
Evil,B: I drivers,"$\Delta P_t^{t\leftarrow 0,[t]}$",Refit at $t$,4.408726595163901,14.87623988471823,7.447179032274645,10.958148796383103,12.170984542027384,12.568482000259309,7.046943525500385,9.925243482332421
Evil,B: I drivers,"$\Delta P_t^{t\leftarrow t,[t]}$",$M_0$ fit on $\Delta b$,10.810570103003153,18.80743967308358,15.157650641489747,20.261285193026147,17.87578234704229,18.27542947088826,14.54451699206264,16.53323920294226
Evil,B: I drivers,"$\Delta P_t^{t\leftarrow t,[t]}$",Refit at $t$,4.33488324325916,17.061326596642736,10.591705384005103,15.703882946072113,15.101275567683809,15.253368402276427,9.671582660976036,12.531146400130767
Evil,C: Normal only,$\Delta P_0$,$M_0$ fit on $\Delta b$,10.926304658860513,11.26435567484172,10.707089685258158,10.653996005781035,10.479775750183292,10.459248524681941,10.17760826427835,10.666911223412145
Evil,C: Normal only,$\Delta P_0$,Refit at $t$,4.408726595163901,4.670409743328449,4.184588418432328,5.288720809398308,3.9818300781329112,3.7838706916817397,4.254693487023329,4.367548546165852
Evil,C: Normal only,"$\Delta P_t^{0\leftarrow 0,[0]}$",$M_0$ fit on $\Delta b$,10.926304658860513,11.01702307880353,10.862364073120782,10.74308437880827,10.748075626560228,11.11449355213984,10.79274495154315,10.886298617119474
Evil,C: Normal only,"$\Delta P_t^{0\leftarrow 0,[0]}$",Refit at $t$,4.408726595163901,4.328959746185177,4.525300108129329,5.4587287234748825,4.482937501998152,3.701875135506825,4.31714916213303,4.460525281798756
Evil,C: Normal only,"$\Delta P_t^{t\leftarrow 0,[0]}$",$M_0$ fit on $\Delta b$,10.926304658860513,10.757723279809728,10.55325200769673,10.477334952354568,10.300968978087903,10.074415083522588,9.638214725443815,10.389744812253692
Evil,C: Normal only,"$\Delta P_t^{t\leftarrow 0,[0]}$",Refit at $t$,4.408726595163901,4.567105652749431,5.0111190467226985,5.920855674300733,4.9440198147142285,4.004043394900218,4.812179656753612,4.809721405043546
Evil,C: Normal only,"$\Delta P_t^{t\leftarrow t,[0]}$",$M_0$ fit on $\Delta b$,10.810570103003153,14.926362256354732,14.959585932647567,15.979215250718212,16.094230225853696,14.790164667090542,13.71529546381809,14.46791769992657
Evil,C: Normal only,"$\Delta P_t^{t\leftarrow t,[0]}$",Refit at $t$,4.33488324325916,7.404642522246383,8.117708382092468,9.404134044364445,8.37827119207947,7.293929206724705,8.255503785206622,7.598438910853322
Evil,C: Normal only,"$\Delta P_t^{0\leftarrow 0,[t]}$",$M_0$ fit on $\Delta b$,10.926304658860513,12.290640934412092,12.787545837455866,12.826052032252296,13.213708873397804,12.901378371247286,13.018146895337436,12.566253943280472
Evil,C: Normal only,"$\Delta P_t^{0\leftarrow 0,[t]}$",Refit at $t$,4.408726595163901,7.22716116739029,6.03148523781618,6.197532736667576,5.506990160072668,6.2830404158493325,7.543266978692481,6.171171898807489
Evil,C: Normal only,"$\Delta P_t^{t\leftarrow 0,[t]}$",$M_0$ fit on $\Delta b$,10.926304658860513,11.921674585566608,12.421662521436778,12.457398768398685,12.649605008932108,12.071567232609066,12.255632807199204,12.100549369000422
Evil,C: Normal only,"$\Delta P_t^{t\leftarrow 0,[t]}$",Refit at $t$,4.408726595163901,7.305075471175731,6.499396422610272,6.465455272078083,5.7792893785859185,6.033099374919481,7.614733323999759,6.30082511979045
Evil,C: Normal only,"$\Delta P_t^{t\leftarrow t,[t]}$",$M_0$ fit on $\Delta b$,10.810570103003153,12.245717770042752,13.510191951780604,14.323910838057765,14.502996901076882,12.703917357201831,12.64710322593358,12.963486878156653
Evil,C: Normal only,"$\Delta P_t^{t\leftarrow t,[t]}$",Refit at $t$,4.33488324325916,8.55251457616399,9.582665428171225,10.631952692939464,9.98339392877834,8.286357666253796,9.713288954961886,8.72643664150398
Sycophancy,A: II drivers,$\Delta P_0$,$M_0$ fit on $\Delta b$,15.187778971166633,49.991391550242604,15.863900681825992,41.40639768497825,26.41466011958796,60.534823030712346,56.79498135820543,38.027704770959886
Sycophancy,A: II drivers,$\Delta P_0$,Refit at $t$,12.212164859373065,19.91806317996435,12.111691622586761,17.069275011759675,15.885462394548167,21.287095694638026,20.43257949559584,16.988047465495125
Sycophancy,A: II drivers,"$\Delta P_t^{0\leftarrow 0,[0]}$",$M_0$ fit on $\Delta b$,15.187778971166633,51.53262211382188,12.626303587238667,36.94426758262017,22.052734950150484,61.00618852348827,56.416956576671524,36.53812175787966
Sycophancy,A: II drivers,"$\Delta P_t^{0\leftarrow 0,[0]}$",Refit at $t$,12.212164859373065,19.588869630176927,10.160410445866198,15.713292169332709,14.50934241933439,21.620162105908836,20.687861129236417,16.356014679889793
Sycophancy,A: II drivers,"$\Delta P_t^{t\leftarrow 0,[0]}$",$M_0$ fit on $\Delta b$,15.187778971166633,57.84662055380615,13.736695132078895,51.03275273296739,32.95389136964949,74.15966438762105,69.98023136249084,44.98537635854006
Sycophancy,A: II drivers,"$\Delta P_t^{t\leftarrow 0,[0]}$",Refit at $t$,12.212164859373065,20.28495850499947,10.211027939886726,17.18786117700574,15.561069077803644,21.764929109302397,20.91926544180092,16.877325158595998
Sycophancy,A: II drivers,"$\Delta P_t^{t\leftarrow t,[0]}$",$M_0$ fit on $\Delta b$,14.919986310662251,55.69784658472322,13.123469702861975,50.447702530321095,32.794622116347064,66.29807250065276,64.00555834019374,42.46960829796602
Sycophancy,A: II drivers,"$\Delta P_t^{t\leftarrow t,[0]}$",Refit at $t$,12.133487853188731,20.5131735030094,11.454250087182045,17.8679425235987,17.029772933492037,21.51963470773323,20.682439456846062,17.314385866435742
Sycophancy,A: II drivers,"$\Delta P_t^{0\leftarrow 0,[t]}$",$M_0$ fit on $\Delta b$,15.187778971166633,20.797776941579716,12.957067186090297,13.421642359522869,15.169527802340042,16.884962047652433,28.285041005362583,17.52911375910208
Sycophancy,A: II drivers,"$\Delta P_t^{0\leftarrow 0,[t]}$",Refit at $t$,12.212164859373065,15.982052891292241,9.268996969897483,10.85498738488048,14.44154959396446,12.085116689418255,20.157016548576337,13.571697848200332
Sycophancy,A: II drivers,"$\Delta P_t^{t\leftarrow 0,[t]}$",$M_0$ fit on $\Delta b$,15.187778971166633,19.2681062017107,12.962688036324625,10.633857143148667,16.422174869091293,14.489779296061545,28.79314821043973,16.822504675420454
Sycophancy,A: II drivers,"$\Delta P_t^{t\leftarrow 0,[t]}$",Refit at $t$,12.212164859373065,15.743474699298742,8.877158710550878,10.554354943281615,14.354382584271969,13.43614409909467,20.525217731343155,13.671842518173444
Sycophancy,A: II drivers,"$\Delta P_t^{t\leftarrow t,[t]}$",$M_0$ fit on $\Delta b$,14.919986310662251,22.270432749049814,14.243948660305456,19.050977666657786,20.597860373226947,18.731252070787637,28.776847310079763,19.798757877252807
Sycophancy,A: II drivers,"$\Delta P_t^{t\leftarrow t,[t]}$",Refit at $t$,12.133487853188731,18.794507312078856,10.850530823743473,16.853108888494216,17.687044498163342,17.15711318289548,20.961041228086682,16.348119112378686
Sycophancy,B: I drivers,$\Delta P_0$,$M_0$ fit on $\Delta b$,15.187778971166633,22.62704732617391,24.880899821449177,13.807171401375458,18.758616720624193,25.333651712324507,12.655614740798987,19.035825813416125
Sycophancy,B: I drivers,$\Delta P_0$,Refit at $t$,12.212164859373065,13.464297636313704,16.111161567934143,11.820983657254162,12.872302572232687,15.039211784652256,10.117651264476477,13.091110477462355
Sycophancy,B: I drivers,"$\Delta P_t^{0\leftarrow 0,[0]}$",$M_0$ fit on $\Delta b$,15.187778971166633,23.212306124156214,21.909134439417592,10.722854577999694,14.526129320299935,20.992875065981295,10.237273762547792,16.684050323081305
Sycophancy,B: I drivers,"$\Delta P_t^{0\leftarrow 0,[0]}$",Refit at $t$,12.212164859373065,10.872791515315292,13.210070730109301,8.998987688243963,10.42093338467756,12.59465065815248,7.729254176987064,10.862693287551247
Sycophancy,B: I drivers,"$\Delta P_t^{t\leftarrow 0,[0]}$",$M_0$ fit on $\Delta b$,15.187778971166633,25.79422265570972,24.89357396595825,12.070402670708472,18.972574264338018,25.75243986954551,9.561996532022018,18.89042698992123
Sycophancy,B: I drivers,"$\Delta P_t^{t\leftarrow 0,[0]}$",Refit at $t$,12.212164859373065,11.840304982378216,13.564913780291405,9.61850948889723,11.104458896684358,13.006615265286614,7.669251392030223,11.28803123784873
Sycophancy,B: I drivers,"$\Delta P_t^{t\leftarrow t,[0]}$",$M_0$ fit on $\Delta b$,14.919986310662251,16.64775443322589,18.20883250104483,22.246822224024623,14.759935844411245,16.296435663257125,21.96804332952711,17.863972900879013
Sycophancy,B: I drivers,"$\Delta P_t^{t\leftarrow t,[0]}$",Refit at $t$,12.133487853188731,12.406027632192318,13.644264650198252,12.356096500717918,11.991874605806766,13.457376603473426,13.592215542263204,12.797334769691515
Sycophancy,B: I drivers,"$\Delta P_t^{0\leftarrow 0,[t]}$",$M_0$ fit on $\Delta b$,15.187778971166633,13.389951659440259,14.738870863184513,13.86646417305894,10.805640069003353,10.434814404922427,9.363468739050942,12.540998411403868
Sycophancy,B: I drivers,"$\Delta P_t^{0\leftarrow 0,[t]}$",Refit at $t$,12.212164859373065,8.552716883982676,13.044534036675083,9.514818401874434,8.215418867089301,10.096552356134085,7.541838684027511,9.882577727022309
Sycophancy,B: I drivers,"$\Delta P_t^{t\leftarrow 0,[t]}$",$M_0$ fit on $\Delta b$,15.187778971166633,12.839525671829946,14.84399261966707,14.279734275630107,10.185044371710498,9.070024919741325,9.367711178284688,12.253401715432897
Sycophancy,B: I drivers,"$\Delta P_t^{t\leftarrow 0,[t]}$",Refit at $t$,12.212164859373065,8.412138944764154,13.044014541669954,9.846416554663586,7.351754360522577,8.682962759793817,6.969406583624887,9.502694086344576
Sycophancy,B: I drivers,"$\Delta P_t^{t\leftarrow t,[t]}$",$M_0$ fit on $\Delta b$,14.919986310662251,14.006574711585952,15.665520763905405,19.255290044463823,13.533454080428543,12.00870934795828,11.562531844179363,14.421723871883373
Sycophancy,B: I drivers,"$\Delta P_t^{t\leftarrow t,[t]}$",Refit at $t$,12.133487853188731,9.970345931787433,11.030163317560705,13.833137612318545,9.991285339128506,11.404592163537647,10.162809578414958,11.217974542276645
Sycophancy,C: Normal only,$\Delta P_0$,$M_0$ fit on $\Delta b$,15.187778971166633,13.885631808955077,13.551713474432598,12.826030639651044,14.239776698167585,12.773532189177741,16.428080091332934,14.127506267554802
Sycophancy,C: Normal only,$\Delta P_0$,Refit at $t$,12.212164859373065,10.612684032738182,10.719901752123661,10.139608993155472,10.590103459642487,10.28850080342181,13.790403097522884,11.193338142568223
Sycophancy,C: Normal only,"$\Delta P_t^{0\leftarrow 0,[0]}$",$M_0$ fit on $\Delta b$,15.187778971166633,10.579337630816898,10.759469586294829,9.742176625464802,10.273392872369325,11.42295618897715,15.048291536986138,11.859057630296538
Sycophancy,C: Normal only,"$\Delta P_t^{0\leftarrow 0,[0]}$",Refit at $t$,12.212164859373065,8.827727560613205,8.97284722077598,7.7929770389255495,8.73996731374547,8.027136052318763,12.705713852960885,9.61121912838756
Sycophancy,C: Normal only,"$\Delta P_t^{t\leftarrow 0,[0]}$",$M_0$ fit on $\Delta b$,15.187778971166633,10.143181203542033,11.025389447912866,10.052170216892089,10.636484584668514,10.71945175683005,15.134053644102371,11.84264426073065
Sycophancy,C: Normal only,"$\Delta P_t^{t\leftarrow 0,[0]}$",Refit at $t$,12.212164859373065,8.62065054816842,8.91828335283381,7.650836230899077,8.795150634976759,7.965087604126687,13.380085284163394,9.648894073505888
Sycophancy,C: Normal only,"$\Delta P_t^{t\leftarrow t,[0]}$",$M_0$ fit on $\Delta b$,14.919986310662251,14.61402248512712,19.062063090333925,21.733727222716944,20.162236193160492,20.268678285008168,19.248200246771884,18.572701976254397
Sycophancy,C: Normal only,"$\Delta P_t^{t\leftarrow t,[0]}$",Refit at $t$,12.133487853188731,9.400443184151428,10.871978418209212,11.632350913947922,11.357592987683159,12.185182586411168,15.913721233788147,11.927822453911398
Sycophancy,C: Normal only,"$\Delta P_t^{0\leftarrow 0,[t]}$",$M_0$ fit on $\Delta b$,15.187778971166633,12.319967558823118,12.450483911935732,13.351353729377678,13.183583757148936,9.775762208329876,12.092651389614144,12.623083075199446
Sycophancy,C: Normal only,"$\Delta P_t^{0\leftarrow 0,[t]}$",Refit at $t$,12.212164859373065,8.609639601098744,9.72150970665646,9.538513564231344,10.243864887899788,7.952393822243636,10.333459670275499,9.801649444539791
Sycophancy,C: Normal only,"$\Delta P_t^{t\leftarrow 0,[t]}$",$M_0$ fit on $\Delta b$,15.187778971166633,12.849673992845451,12.777590251823971,13.594522826127044,13.215686872533519,9.373221882280832,11.489715598064485,12.641170056405993
Sycophancy,C: Normal only,"$\Delta P_t^{t\leftarrow 0,[t]}$",Refit at $t$,12.212164859373065,8.69134889384467,9.586631703261054,9.269060325418778,9.957615113181184,7.27190572699506,9.231431137744917,9.460022537116961
Sycophancy,C: Normal only,"$\Delta P_t^{t\leftarrow t,[t]}$",$M_0$ fit on $\Delta b$,14.919986310662251,13.579604401087533,14.832017333700698,15.596683278117565,16.07162267720907,10.661887932997336,16.87912823194177,14.648704309388032
Sycophancy,C: Normal only,"$\Delta P_t^{t\leftarrow t,[t]}$",Refit at $t$,12.133487853188731,10.592034985415728,12.85365258373492,13.475373595989902,14.012770936329751,9.863776942113676,13.516691845636565,12.349684106058467
