quantity,,,RMSE of $f_0$,RMSE of $f_0$,RMSE of $f_0$,RMSE of $f_0$,RMSE of $f_0$,RMSE of $f_0$,RMSE of $f_0$,RMSE of $f_0$,Regret,Regret,Regret,Regret,Regret,Regret,Regret,Regret
t,,,0,1,2,3,4,5,6,Mean,0,1,2,3,4,5,6,Mean
trait,trunk,series,,,,,,,,,,,,,,,,
Evil,A: II drivers,$\Delta P_0$,10.926304658860516,12.302749499779972,10.332480532192111,19.291672856289527,18.652009661139157,18.29487394246667,18.54676043070501,15.478121654490423,6.517578063696615,4.993120462387884,5.6001061439261886,5.308077737403732,4.842932310693779,4.2422873672179655,4.326813469461703,5.118702222112552
Evil,A: II drivers,"$\Delta P_t^{0\leftarrow 0,[0]}$",10.926304658860516,13.396499955893828,10.222111409467656,20.84050013613414,21.046201664954634,21.200647259315755,22.045444560836483,17.096815663637575,6.517578063696615,4.349423540945468,4.771542213526642,4.3131673062021925,4.106942579151017,4.340079336233444,4.226494123123,4.660746737554054
Evil,A: II drivers,"$\Delta P_t^{t\leftarrow 0,[0]}$",10.926304658860516,13.41623106922274,10.182477505495381,19.891258585756585,20.461076071420845,20.436274665211183,21.394032543044265,16.672522157001644,6.517578063696615,3.245342680241201,3.991946579575421,2.827666102038286,3.1495576935624747,3.0050369535903805,3.1546690691057115,3.6988281631157274
Evil,A: II drivers,"$\Delta P_t^{t\leftarrow t,[0]}$",10.810570103003153,14.343122861108503,12.1303258940843,24.527683508996194,26.613972361352356,25.408320094506948,26.235323329617472,20.00990259323842,6.475686859743993,2.8882570324421586,3.7693410634669906,5.902539171931764,7.348537144034879,6.395568900589485,6.172652290988406,5.564654637599667
Evil,A: II drivers,"$\Delta P_t^{0\leftarrow 0,[t]}$",10.926304658860513,26.913688937159403,11.783126839676823,19.138821478910767,19.67761343728208,17.184544650186833,16.150314585978805,17.396344941150748,6.517578063696612,17.676051015296693,4.2359112760382,3.4566548925798823,6.395043759163562,5.074782332211907,4.773099838761013,6.8755887396782684
Evil,A: II drivers,"$\Delta P_t^{t\leftarrow 0,[t]}$",10.926304658860513,27.81979614930902,11.529568588410672,17.562402887391645,19.008164614261002,17.029225511292108,15.163472682660885,17.00556215602655,6.517578063696612,18.322700224145763,3.698998079049095,2.325302131089103,6.292347665516248,5.5591093979747885,4.874427502552868,6.798637580574925
Evil,A: II drivers,"$\Delta P_t^{t\leftarrow t,[t]}$",10.810570103003153,28.444047753707675,11.746797322250078,18.07980969069587,20.724530087284485,17.543350050114682,17.07883742535976,17.77542034748796,6.475686859743993,18.64958921150299,3.1653923016329326,1.892904082263751,7.890459944949269,3.8208949894853603,4.405170627008792,6.614299716655299
Evil,B: I drivers,$\Delta P_0$,10.926304658860516,18.79616587905748,17.430569327471908,14.141926307690142,14.139478224384645,13.606775590213575,9.01478741673204,14.0080010577729,6.517578063696615,7.423311928020855,7.703792421891658,5.7861333836940965,6.798845283340054,5.784359537969648,6.064935426712701,6.582708006475089
Evil,B: I drivers,"$\Delta P_t^{0\leftarrow 0,[0]}$",10.926304658860516,18.540472135995547,19.596494328534973,15.581188364147051,16.671795485774645,17.27454255645267,10.57051360955077,15.594473019902312,6.517578063696615,4.76715652851272,6.99423583268371,5.3451802647154345,6.0147420146823745,5.559398895445476,6.058627763575837,5.893845623330309
Evil,B: I drivers,"$\Delta P_t^{t\leftarrow 0,[0]}$",10.926304658860516,19.116608949045368,19.726060923168216,15.499381366567984,15.924352857008719,16.24810649059125,9.176487793204853,15.231043291206701,6.517578063696615,4.842531491124138,6.679489347751392,5.02307009919263,4.85697334020076,4.289710391480694,4.525302784122297,5.247807931081218
Evil,B: I drivers,"$\Delta P_t^{t\leftarrow t,[0]}$",10.810570103003153,31.557932841511573,27.272294783075342,23.858598187503286,24.65557214700312,24.38365770671924,15.439355237289618,22.568283000872192,6.475686859743993,13.795950306891076,11.980289842929794,10.445983756099753,10.664688790745112,10.077310733087653,7.543028670491019,10.140419851426913
Evil,B: I drivers,"$\Delta P_t^{0\leftarrow 0,[t]}$",10.926304658860513,17.29017330200264,14.420561641735544,16.087991722931072,16.164212144676995,16.682386946608414,13.817103188959845,15.055533372253576,6.517578063696612,2.6606882683395856,6.438364596592931,5.623540004382061,4.231716221614384,4.30043029890089,6.275694835123387,5.149716041235693
Evil,B: I drivers,"$\Delta P_t^{t\leftarrow 0,[t]}$",10.926304658860513,17.070215285863164,13.733602566353422,15.819781114009757,15.922125067915767,16.41485939681614,12.84649650073415,14.676197798650417,6.517578063696612,2.193975401144934,6.286423534078777,4.861632317626654,3.751140525888383,3.846377396556832,5.799552975233764,4.750954316317994
Evil,B: I drivers,"$\Delta P_t^{t\leftarrow t,[t]}$",10.810570103003153,18.80743967308358,15.157650641489747,20.261285193026147,17.87578234704229,18.27542947088826,14.54451699206264,16.53323920294226,6.475686859743993,1.7461130764408423,4.565945257484644,4.557402246954034,2.7745067793584806,3.0220610686118317,4.872934331086604,4.00209280281149
Evil,C: Normal only,$\Delta P_0$,10.926304658860516,11.264355674845289,10.707089745901957,10.653996004763178,10.479775750144503,10.459248524676278,10.177608263641387,10.666911231833302,6.517578063696615,6.59394593151684,6.522501327469629,5.36527519536487,6.497945672011592,6.675377832994538,5.922914776618058,6.2993626856674485
Evil,C: Normal only,"$\Delta P_t^{0\leftarrow 0,[0]}$",10.926304658860516,11.017023078775082,10.862364254152963,10.743084382434002,10.748075626421237,11.114493552069169,10.792744959431543,10.886298644592074,6.517578063696615,6.6880633325899055,6.337064146023634,5.28435565895912,6.265138124423085,7.412618416562344,6.475595797298513,6.425773362793316
Evil,C: Normal only,"$\Delta P_t^{t\leftarrow 0,[0]}$",10.926304658860516,10.757723279766587,10.553252232637401,10.47733495745572,10.300968977942537,10.074415083459241,9.638214730543803,10.389744845809401,6.517578063696615,6.190617627017156,5.542133185914703,4.556479283154988,5.356949163228308,6.070371688559024,4.826035073790191,5.580023440765855
Evil,C: Normal only,"$\Delta P_t^{t\leftarrow t,[0]}$",10.810570103003153,14.926362256224262,14.959586451860321,15.979215269444587,16.0942302255277,14.790164666950687,13.71529547732946,14.467917778620025,6.475686859743993,7.521719733977879,6.841878069767853,6.575081225080142,7.715959033448229,7.496235460225982,5.459791692122838,6.869478867766702
Evil,C: Normal only,"$\Delta P_t^{0\leftarrow 0,[t]}$",10.926304658860513,12.290640934412092,12.787545837455866,12.826052032252296,13.213708873397804,12.901378371247286,13.018146895337436,12.566253943280472,6.517578063696612,5.063479767021803,6.756060599639686,6.62851929558472,7.706718713325136,6.618337955397954,5.474879916644955,6.395082044472981
Evil,C: Normal only,"$\Delta P_t^{t\leftarrow 0,[t]}$",10.926304658860513,11.921674585566608,12.421662521436778,12.457398768398685,12.649605008932108,12.071567232609066,12.255632807199204,12.100549369000422,6.517578063696612,4.616599114390877,5.922266098826506,5.9919434963206015,6.870315630346189,6.038467857689585,4.640899483199445,5.799724249209974
Evil,C: Normal only,"$\Delta P_t^{t\leftarrow t,[t]}$",10.810570103003153,12.245717770042752,13.510191951780604,14.323910838057765,14.502996901076882,12.703917357201831,12.64710322593358,12.963486878156653,6.475686859743993,3.6932031938787624,3.9275265236093784,3.691958145118301,4.519602972298541,4.4175596909480355,2.933814270971695,4.2370502366526726
Sycophancy,A: II drivers,$\Delta P_0$,15.187778971166646,26.898708601328327,15.168713194579459,23.453434139638073,20.822857630100064,42.54864976447777,40.047959246223094,26.30401450678763,2.975614111793581,6.9806454213639775,3.0570215719926974,6.384159127878398,4.937395235551897,21.261554069839747,19.615379750627255,9.315967041292508
Sycophancy,A: II drivers,"$\Delta P_t^{0\leftarrow 0,[0]}$",15.187778971166646,24.987621993774088,12.144767176451044,21.541211987266344,19.81036832959025,42.23246742747681,41.10987944297918,25.28772790410062,2.975614111793581,5.398752363597161,1.984356730584846,5.827919817933635,5.301025910255861,20.612305321567977,20.42201831374276,8.931713224210831
Sycophancy,A: II drivers,"$\Delta P_t^{t\leftarrow 0,[0]}$",15.187778971166646,27.25352492540919,12.995782557564569,24.084441554277625,22.40487700360086,42.94058205631996,42.32812681894949,26.742159126755478,2.975614111793581,6.968566420409722,2.7847546176778426,6.896580377271885,6.843807925797215,21.175652947017564,21.408861377148572,9.864833968159484
Sycophancy,A: II drivers,"$\Delta P_t^{t\leftarrow t,[0]}$",14.919986310662258,28.760284772739936,13.844493785340957,27.979287043545458,27.769960243764878,46.30280381700042,45.99976764568678,29.36808337410581,2.7864984574735274,8.247111269730535,2.390243698158912,10.111344519946758,10.740187310272841,24.783169109267188,25.31732818884072,12.05369750767007
Sycophancy,A: II drivers,"$\Delta P_t^{0\leftarrow 0,[t]}$",15.187778971166633,20.797776941579716,12.957067186090297,13.421642359522869,15.169527802340042,16.884962047652433,28.285041005362583,17.52911375910208,2.9756141117935684,4.815724050287475,3.6880702161928145,2.566654974642388,0.7279782083755819,4.799845358234178,8.128024456786246,3.95741591090175
Sycophancy,A: II drivers,"$\Delta P_t^{t\leftarrow 0,[t]}$",15.187778971166633,19.2681062017107,12.962688036324625,10.633857143148667,16.422174869091293,14.489779296061545,28.79314821043973,16.822504675420454,2.9756141117935684,3.5246315024119586,4.085529325773747,0.07950219986705243,2.0677922848193244,1.0536351969668747,8.267930479096574,3.1506621572470146
Sycophancy,A: II drivers,"$\Delta P_t^{t\leftarrow t,[t]}$",14.919986310662251,22.270432749049814,14.243948660305456,19.050977666657786,20.597860373226947,18.731252070787637,28.776847310079763,19.798757877252807,2.7864984574735203,3.4759254369709573,3.3934178365619836,2.1978687781635706,2.910815875063605,1.5741388878921576,7.815806081993081,3.450638764874125
Sycophancy,B: I drivers,$\Delta P_0$,15.187778971166646,16.46998864311234,19.796831087602307,13.853922048557001,16.317599147185764,18.20358475102779,13.714441737754774,16.22059234091523,2.975614111793581,3.005691006798637,3.6856695196681635,2.0329383913028387,3.445296574953076,3.1643729663755344,3.596790473278297,3.129481863452875
Sycophancy,B: I drivers,"$\Delta P_t^{0\leftarrow 0,[0]}$",15.187778971166646,12.156669592529747,15.43581147243144,10.92546325834099,13.40962176422103,15.47773413865372,9.6333889876198,13.175209740709052,2.975614111793581,1.283878077214455,2.22574074232214,1.9264755700970273,2.9886883795434684,2.8830834805012397,1.9041348106327352,2.3125164531578064
Sycophancy,B: I drivers,"$\Delta P_t^{t\leftarrow 0,[0]}$",15.187778971166646,14.43464553459578,17.1528485698341,12.252648479144222,15.247543652376876,16.676540713240275,9.005279994738746,14.279612273585233,2.975614111793581,2.594340552217565,3.587934789542693,2.634138990246992,4.143084755692518,3.669925447953661,1.3360286027085229,2.991581035736505
Sycophancy,B: I drivers,"$\Delta P_t^{t\leftarrow t,[0]}$",14.919986310662258,18.994677732312088,20.414134075945174,22.628643554161023,22.393532056833212,23.04036843064484,19.85757657637482,20.3212741052762,2.7864984574735274,6.58865010011977,6.769869425746922,10.272547053443105,10.401657451026447,9.582991827171414,6.265361034111617,7.523939335584686
Sycophancy,B: I drivers,"$\Delta P_t^{0\leftarrow 0,[t]}$",15.187778971166633,13.389951659440259,14.738870863184513,13.86646417305894,10.805640069003353,10.434814404922427,9.363468739050942,12.540998411403868,2.9756141117935684,4.837234775457583,1.6943368265094296,4.351645771184506,2.5902212019140514,0.33826204878834254,1.821630055023431,2.6584206843815594
Sycophancy,B: I drivers,"$\Delta P_t^{t\leftarrow 0,[t]}$",15.187778971166633,12.839525671829946,14.84399261966707,14.279734275630107,10.185044371710498,9.070024919741325,9.367711178284688,12.253401715432897,2.9756141117935684,4.427386727065793,1.7999780779971157,4.433317720966521,2.8332900111879216,0.3870621599475079,2.398304594659801,2.7507076290883186
Sycophancy,B: I drivers,"$\Delta P_t^{t\leftarrow t,[t]}$",14.919986310662251,14.006574711585952,15.665520763905405,19.255290044463823,13.533454080428543,12.00870934795828,11.562531844179363,14.421723871883373,2.7864984574735203,4.036228779798519,4.635357446344701,5.422152432145278,3.5421687413000367,0.6041171844206339,1.3997222657644048,3.2037493296067274
Sycophancy,C: Normal only,$\Delta P_0$,15.187778971166646,13.245812486746816,13.592886178017205,12.706453864740421,14.10426684807621,13.973523380522726,17.25768277214473,14.295486357344965,2.975614111793581,2.6331284540086344,2.8729844258935433,2.5668448715849497,3.5141633884337224,3.6850225771009164,3.467279674621846,3.1021482147767414
Sycophancy,C: Normal only,"$\Delta P_t^{0\leftarrow 0,[0]}$",15.187778971166646,10.512370163626167,10.727477007743918,9.877690967914091,10.34693687755982,10.441160586345793,14.699533029949565,11.684706800615142,2.975614111793581,1.6846426030129624,1.7546297869679375,2.084713928988542,1.6069695638143493,2.41402453402703,1.99381917698868,2.073487672227583
Sycophancy,C: Normal only,"$\Delta P_t^{t\leftarrow 0,[0]}$",15.187778971166646,10.436183916477088,10.970340899915834,10.279167521411535,10.748939656486932,9.707454682326237,15.095315470675052,11.775025874065618,2.975614111793581,1.8155333683086674,2.0520575470820237,2.6283312905124587,1.9537890215101736,1.7423670781995497,1.7152301865116577,2.1261318005597305
Sycophancy,C: Normal only,"$\Delta P_t^{t\leftarrow t,[0]}$",14.919986310662258,16.186012461218063,18.926518394561498,22.14037145206464,20.48574533722552,17.941034658941955,18.092581577352746,18.384607170289524,2.7864984574735274,6.785569277066635,8.054539976352286,10.50802053811672,9.128152349542361,5.755852072530788,2.1788603435645992,6.456784716378131
Sycophancy,C: Normal only,"$\Delta P_t^{0\leftarrow 0,[t]}$",15.187778971166633,12.319967558823118,12.450483911935732,13.351353729377678,13.183583757148936,9.775762208329876,12.092651389614144,12.623083075199446,2.9756141117935684,3.710327957724374,2.728974205279272,3.8128401651463335,2.9397188692491483,1.8233683860862406,1.759191719338645,2.8214336306596546
Sycophancy,C: Normal only,"$\Delta P_t^{t\leftarrow 0,[t]}$",15.187778971166633,12.849673992845451,12.777590251823971,13.594522826127044,13.215686872533519,9.373221882280832,11.489715598064485,12.641170056405993,2.9756141117935684,4.1583250990007805,3.190958548562918,4.325462500708266,3.258071759352335,2.1013161552857724,2.258284460319569,3.1811475192890297
Sycophancy,C: Normal only,"$\Delta P_t^{t\leftarrow t,[t]}$",14.919986310662251,13.579604401087533,14.832017333700698,15.596683278117565,16.07162267720907,10.661887932997336,16.87912823194177,14.648704309388032,2.7864984574735203,2.987569415671805,1.9783647499657775,2.121309682127663,2.0588517408793194,0.7981109908836608,3.3624363863052054,2.299020203329565
