trait,trunk,model,0,1,2,3,4,5,6,Mean
Evil,A: II drivers,$M_0$ fit on $\Delta b$,10.926304658860513,11.10451114073438,10.332480534337742,39.07115059693187,15.132241949921534,25.290577506699485,20.864846173088505,18.96030179436772
Evil,A: II drivers,"$M_0$ fit $\times\, g(\mathbf{z}_t^{[0,0]})$",11.484840587686785,50.193222876372175,17.87476867144469,44.392837457983035,22.50873034643554,39.14105507693175,28.70907039197132,30.614932201260757
Evil,A: II drivers,"$M_0$ fit $\times\, g(p_t^{[0]})$",9.755504120382055,31.676734212765677,13.270384375976967,36.74278115300619,19.495619957716944,31.691159554889207,25.648600314232734,24.04011195556711
Evil,A: II drivers,"$M_0$ fit $\times\, g(q_t^{[0,0]})$",10.094776735665244,21.25209213880457,17.238598280530777,35.82602346939169,19.58109728363685,24.68108967293655,22.333853729632985,21.572504472942665
Evil,A: II drivers,"$M_0$ fit $\times\, g(\rho_t^{[0]})$",12.330142650053691,16.273260676534594,15.936493884158237,36.23070551400858,19.784348689071805,24.632828417194137,22.392745808007653,21.082932234146956
Evil,A: II drivers,"$M_0$ fit $\times\, g(r_t^{[0]})$",12.247080596169143,12.232004089717359,14.312162858852204,37.67677226996719,18.43160153214773,24.5714833400786,21.907786584645592,20.196984467368257
Evil,A: II drivers,"$M_0$ fit $\times\, g(b_t)$",12.648019480911783,14.315327871147378,12.447178572923812,40.76895823770883,21.38559707925957,29.306955773820874,26.36622155730091,22.462608367581883
Evil,A: II drivers,Refit at $t$,4.408726595163901,7.309629037392089,4.732374388265923,13.983595118885795,13.809077350445378,14.052586575248704,14.219946961243307,10.359419432377871
Evil,B: I drivers,$M_0$ fit on $\Delta b$,10.926304658860513,26.268854766607078,21.843455332626807,10.622296990658748,14.475869119459329,13.11598845956908,9.014787157427358,15.181079497886989
Evil,B: I drivers,"$M_0$ fit $\times\, g(\mathbf{z}_t^{[0,0]})$",11.245882547780282,42.731846021521406,36.84462115635502,28.864738994524437,29.60755299876049,32.706372212655076,10.747686973843852,27.535528700777228
Evil,B: I drivers,"$M_0$ fit $\times\, g(p_t^{[0]})$",10.122417414029428,31.37826690842002,28.902440336441504,17.450654316266164,20.803250630472608,22.492614680269394,11.912574128644877,20.437459773506284
Evil,B: I drivers,"$M_0$ fit $\times\, g(q_t^{[0,0]})$",8.23966424305442,25.515299041968657,25.955270642699794,24.682462702049726,25.477426090435674,25.867883289802812,27.071990810819276,23.258570974404336
Evil,B: I drivers,"$M_0$ fit $\times\, g(\rho_t^{[0]})$",8.30876323195283,25.35257472792996,23.47823607097305,23.026218649669815,25.12291415292541,26.761123226716965,30.67904357836964,23.246981948362524
Evil,B: I drivers,"$M_0$ fit $\times\, g(r_t^{[0]})$",10.17450372678839,26.09889832431277,25.247018729904237,32.63045623368952,30.444630163018925,31.47893521732547,30.33671492985516,26.63016533212778
Evil,B: I drivers,"$M_0$ fit $\times\, g(b_t)$",12.860754940260579,35.920001981401875,32.0640053236584,16.26524402344844,25.163603478995228,22.752378347525475,11.070641782566755,22.299518553979535
Evil,B: I drivers,Refit at $t$,4.408726595163901,11.372853951036625,9.72677690558025,8.355792923996045,7.340632941044591,7.822416052243927,2.949851990019338,7.4252930512978095
Evil,C: Normal only,$M_0$ fit on $\Delta b$,10.926304658860513,11.26435567484172,10.707089685258158,10.653996005781035,10.479775750183292,10.459248524681941,10.17760826427835,10.666911223412145
Evil,C: Normal only,"$M_0$ fit $\times\, g(\mathbf{z}_t^{[0,0]})$",11.511203779306122,10.149092511516322,8.906517610006507,11.589323445993596,12.245073669112989,9.797869983167589,23.64954210179012,12.549803300127607
Evil,C: Normal only,"$M_0$ fit $\times\, g(p_t^{[0]})$",7.996713453863064,11.53573682947772,11.699192442683009,12.71110072208125,13.287422551927726,10.168267882798066,14.117753099582712,11.64516956891622
Evil,C: Normal only,"$M_0$ fit $\times\, g(q_t^{[0,0]})$",10.06679750515059,17.458038320751015,19.879068291467203,19.560088997468622,20.693457603876247,20.521821595431682,18.303547707470777,18.068974288802305
Evil,C: Normal only,"$M_0$ fit $\times\, g(\rho_t^{[0]})$",10.870325283683107,16.09903776836653,18.193147586509305,19.402602647688347,20.90216322913951,21.985602232609516,24.77673167641703,18.889944346344766
Evil,C: Normal only,"$M_0$ fit $\times\, g(r_t^{[0]})$",16.256568309465333,19.196781673723823,21.88883561226745,20.74175088510089,22.293206310603804,21.83629086649145,24.233186779474014,20.920945776732395
Evil,C: Normal only,"$M_0$ fit $\times\, g(b_t)$",9.30759721269275,10.347205980390001,9.559872407817263,10.044219166769995,9.307169790023002,9.346489986869443,9.390438918144879,9.614713351815334
Evil,C: Normal only,Refit at $t$,4.408726595163901,4.670409743328449,4.184588418432328,5.288720809398308,3.9818300781329112,3.7838706916817397,4.254693487023329,4.367548546165852
Sycophancy,A: II drivers,$M_0$ fit on $\Delta b$,15.187778971166633,49.991391550242604,15.863900681825992,41.40639768497825,26.41466011958796,60.534823030712346,56.79498135820543,38.027704770959886
Sycophancy,A: II drivers,"$M_0$ fit $\times\, g(\mathbf{z}_t^{[0,0]})$",17.972466281513373,35.30843774346594,17.767741632551846,27.236500398440338,21.72272243065169,30.492278677814227,31.582628550731712,26.01182510216702
Sycophancy,A: II drivers,"$M_0$ fit $\times\, g(p_t^{[0]})$",18.559981663122816,36.91007271947137,18.126927680315458,34.269268002534965,25.57188395544053,42.09192124660023,46.31637579882323,31.692347295186945
Sycophancy,A: II drivers,"$M_0$ fit $\times\, g(q_t^{[0,0]})$",17.90343979476724,44.754689304354656,17.568065784554726,35.77290521938124,23.51789372262914,52.47553164125418,49.015280827248034,34.4296866134556
Sycophancy,A: II drivers,"$M_0$ fit $\times\, g(\rho_t^{[0]})$",17.784439262380943,45.6499087355498,17.653672735932684,32.59737010752766,22.094385744242537,45.63804096240736,42.89329861193873,32.044445165711394
Sycophancy,A: II drivers,"$M_0$ fit $\times\, g(r_t^{[0]})$",18.122188634642754,43.39858946935976,17.60413262776452,36.6557713658918,24.89476242067695,51.38430992313381,48.82062697987758,34.41148306019246
Sycophancy,A: II drivers,"$M_0$ fit $\times\, g(b_t)$",17.631764737202523,30.86268688693549,17.660391975480955,26.381865772158157,21.32296477692336,30.239718157816263,29.03128248424633,24.732953541537587
Sycophancy,A: II drivers,Refit at $t$,12.212164859373065,19.91806317996435,12.111691622586761,17.069275011759675,15.885462394548167,21.287095694638026,20.43257949559584,16.988047465495125
Sycophancy,B: I drivers,$M_0$ fit on $\Delta b$,15.187778971166633,22.62704732617391,24.880899821449177,13.807171401375458,18.758616720624193,25.333651712324507,12.655614740798987,19.035825813416125
Sycophancy,B: I drivers,"$M_0$ fit $\times\, g(\mathbf{z}_t^{[0,0]})$",18.097216718793607,19.569984325035158,22.36473079051326,18.347003827309056,18.83185238036907,22.158088434949526,17.111809664426076,19.497240877342254
Sycophancy,B: I drivers,"$M_0$ fit $\times\, g(p_t^{[0]})$",22.390397154928316,23.810705422517216,22.76602534350155,17.24945568880375,17.648252029592033,20.730464613191135,15.898036404547726,20.070476665297388
Sycophancy,B: I drivers,"$M_0$ fit $\times\, g(q_t^{[0,0]})$",24.871369232751817,20.00144034825753,21.471307767342633,26.28470972439961,23.322703812402754,25.304824056368236,34.54089771268888,25.113893236315924
Sycophancy,B: I drivers,"$M_0$ fit $\times\, g(\rho_t^{[0]})$",19.183506334951332,19.820746519470916,21.313978115149112,20.80188215602576,19.296382124078033,21.613562218758023,23.815662856004277,20.835102903491066
Sycophancy,B: I drivers,"$M_0$ fit $\times\, g(r_t^{[0]})$",26.180743477884253,21.52855365434153,21.35838000752201,19.738527987201422,17.750283571323475,21.585717713297853,21.275098365526688,21.345329253871032
Sycophancy,B: I drivers,"$M_0$ fit $\times\, g(b_t)$",17.876744980409534,18.885942800269838,20.982778125096416,17.619600205724307,17.768442405036556,20.723242489533938,15.84690224986573,18.52909332227662
Sycophancy,B: I drivers,Refit at $t$,12.212164859373065,13.464297636313704,16.111161567934143,11.820983657254162,12.872302572232687,15.039211784652256,10.117651264476477,13.091110477462355
Sycophancy,C: Normal only,$M_0$ fit on $\Delta b$,15.187778971166633,13.885631808955077,13.551713474432598,12.826030639651044,14.239776698167585,12.773532189177741,16.428080091332934,14.127506267554802
Sycophancy,C: Normal only,"$M_0$ fit $\times\, g(\mathbf{z}_t^{[0,0]})$",18.355676550869266,16.769385964957966,18.588526837722796,16.771599066103228,17.41798986330064,17.257032801904447,21.39800824675397,18.07974561880176
Sycophancy,C: Normal only,"$M_0$ fit $\times\, g(p_t^{[0]})$",21.749508130770682,18.208251836945454,17.71392333795896,16.49833766950836,16.982435522867238,16.74709988009576,19.945178169862398,18.26353350685841
Sycophancy,C: Normal only,"$M_0$ fit $\times\, g(q_t^{[0,0]})$",20.53289727423312,16.634328537108555,18.173501243201095,18.057362340545815,17.45391764734438,20.978868743751292,22.908371164621766,19.248463850115147
Sycophancy,C: Normal only,"$M_0$ fit $\times\, g(\rho_t^{[0]})$",19.23635864007997,16.85250179709076,16.968387020424043,16.846268665165624,16.897106333718128,18.618378793276168,22.746738488675632,18.309391391204333
Sycophancy,C: Normal only,"$M_0$ fit $\times\, g(r_t^{[0]})$",27.17671790110564,21.86185232040617,18.47423514324256,18.92716885133629,17.752084085128814,16.039894799266907,26.405499268007194,20.948207481213366
Sycophancy,C: Normal only,"$M_0$ fit $\times\, g(b_t)$",18.331572537106133,16.604265839718593,16.871705585975608,16.179993512684106,16.99609762848877,16.525406891345888,20.139126625969755,17.378309803041265
Sycophancy,C: Normal only,Refit at $t$,12.212164859373065,10.612684032738182,10.719901752123661,10.139608993155472,10.590103459642487,10.28850080342181,13.790403097522884,11.193338142568223
